{
    "preferential": {
        "component_mean": 1.08,
        "component_std": 0.531734670677021,
        "is_powerlaw_mean": 0.14,
        "is_powerlaw_std": 0.6800945816575809,
        "density_mean": 0.0033141871610234625,
        "density_std": 4.795847782344285e-06,
        "nodes_mean": 2374.0,
        "nodes_std": 0.0,
        "edges_mean": 9335.24,
        "edges_std": 13.508709036765877,
        "avg_degree_mean": 7.864566133108678,
        "avg_degree_std": 0.011380546787502804,
        "clustering_coeff_mean": 0.010217695482352011,
        "clustering_coeff_std": 0.003965083012373537,
        "relative_density_mean": 0.0033141871610234625,
        "relative_density_std": 4.795847782344285e-06,
        "diameter_mean": 7.56,
        "diameter_std": 5.053000122699385,
        "dispersion_mean": 26.477009315737394,
        "dispersion_std": 3.904240516873913
    },
    "random": {
        "component_mean": 1.12,
        "component_std": 0.6369246109234593,
        "is_powerlaw_mean": 0.16,
        "is_powerlaw_std": 0.7185478689690756,
        "density_mean": 0.0033174748189258507,
        "density_std": 3.0480318078989723e-06,
        "nodes_mean": 2374.8,
        "nodes_std": 0.7839999999999999,
        "edges_mean": 9350.8,
        "edges_std": 5.9707661149973035,
        "avg_degree_mean": 7.875021277878775,
        "avg_degree_std": 0.005660980629259602,
        "clustering_coeff_mean": 0.002630324918753675,
        "clustering_coeff_std": 0.0010861908148827397,
        "relative_density_mean": 0.0033174748189258507,
        "relative_density_std": 3.0480318078989723e-06,
        "diameter_mean": 9.4,
        "diameter_std": 7.591047358566537,
        "dispersion_mean": 9.14355066893276,
        "dispersion_std": 0.07607135534158627
    },
    "small-world": {
        "component_mean": 1.0,
        "component_std": 0.0,
        "is_powerlaw_mean": 0.22,
        "is_powerlaw_std": 0.8119227549465529,
        "density_mean": 0.00345646455792507,
        "density_std": 8.500145032286355e-19,
        "nodes_mean": 2374.0,
        "nodes_std": 0.0,
        "edges_mean": 9736.0,
        "edges_std": 0.0,
        "avg_degree_mean": 8.202190395956192,
        "avg_degree_std": 0.0,
        "clustering_coeff_mean": 0.09466718790720527,
        "clustering_coeff_std": 0.008524764351039825,
        "relative_density_mean": 0.00345646455792507,
        "relative_density_std": 8.500145032286355e-19,
        "diameter_mean": 11.2,
        "diameter_std": 0.784,
        "dispersion_mean": 9.136622843056696,
        "dispersion_std": 0.03293507052694435
    }
}
