{
    "preferential": {
        "component_mean": 1.0,
        "component_std": 0.0,
        "is_powerlaw_mean": 0.26,
        "is_powerlaw_std": 0.8597231182188833,
        "density_mean": 0.027003095851279205,
        "density_std": 1.914524547579802e-05,
        "secrecy_mean": 37.03279566007279,
        "secrecy_std": 0.026255739222513466,
        "nodes_mean": 10555.0,
        "nodes_std": 0.0,
        "edges_mean": 1504038.28,
        "edges_std": 1066.365954266433,
        "avg_degree_mean": 284.99067361440075,
        "avg_degree_std": 0.20205892075157286,
        "clustering_coeff_mean": 0.051243067876400365,
        "clustering_coeff_std": 0.0008632834499241722,
        "relative_density_mean": 0.027003095851279205,
        "relative_density_std": 1.9145245475797862e-05,
        "diameter_mean": 3.82,
        "diameter_std": 0.8489311868461425,
        "dispersion_mean": 570.3259555756237,
        "dispersion_std": 5.972831421390963,
        "avg_path_length_mean": 2.0844601928571627,
        "avg_path_length_std": 0.002905684169784185
    },
    "random": {
        "component_mean": 1.0,
        "component_std": 0.0,
        "is_powerlaw_mean": 0.2,
        "is_powerlaw_std": 0.784,
        "density_mean": 0.02760115951935485,
        "density_std": 4.668252692939375e-06,
        "secrecy_mean": 36.23036223333923,
        "secrecy_std": 0.0061277984868111255,
        "nodes_mean": 10556.0,
        "nodes_std": 0.0,
        "edges_mean": 1537641.0,
        "edges_std": 260.06504306423034,
        "avg_degree_mean": 291.33023872679047,
        "avg_degree_std": 0.04927340717397016,
        "clustering_coeff_mean": 0.013717590091179364,
        "clustering_coeff_std": 4.083354548090811e-05,
        "relative_density_mean": 0.02760115951935485,
        "relative_density_std": 4.668252692939473e-06,
        "diameter_mean": 4.0,
        "diameter_std": 0.0,
        "dispersion_mean": 292.9679022332155,
        "dispersion_std": 0.0640668499867753,
        "avg_path_length_mean": 2.118663481440887,
        "avg_path_length_std": 0.00013887833474573712
    },
    "small-world": {
        "component_mean": 1.0,
        "component_std": 0.0,
        "is_powerlaw_mean": 0.9,
        "is_powerlaw_std": 0.588,
        "density_mean": 0.026848958777968657,
        "density_std": 3.573134016605491e-06,
        "secrecy_mean": 37.24539237740767,
        "secrecy_std": 0.004956678329277947,
        "nodes_mean": 10555.0,
        "nodes_std": 0.0,
        "edges_mean": 1495453.04,
        "edges_std": 199.01904471039953,
        "avg_degree_mean": 283.36391094268123,
        "avg_degree_std": 0.03771085641125641,
        "clustering_coeff_mean": 0.3840497804749104,
        "clustering_coeff_std": 0.001317962552202777,
        "relative_density_mean": 0.026848958777968657,
        "relative_density_std": 3.573134016606368e-06,
        "diameter_mean": 3.0,
        "diameter_std": 0.0,
        "dispersion_mean": 284.2136703337213,
        "dispersion_std": 0.03622428544843838,
        "avg_path_length_mean": 2.475773997739805,
        "avg_path_length_std": 0.0013873512395506196
    }
}
