{
    "preferential": {
        "component_mean": 1.0,
        "component_std": 0.0,
        "is_powerlaw_mean": 0.0,
        "is_powerlaw_std": 0.0,
        "density_mean": 0.027065935185609236,
        "density_std": 0.0,
        "secrecy_mean": 36.94681130145072,
        "secrecy_std": 0.0,
        "nodes_mean": 2374.0,
        "nodes_std": 0.0,
        "edges_mean": 76238.0,
        "edges_std": 0.0,
        "avg_degree_mean": 64.22746419545072,
        "avg_degree_std": 0.0,
        "clustering_coeff_mean": 0.03996859095849069,
        "clustering_coeff_std": 1.3600232051658167e-17,
        "relative_density_mean": 0.027065935185609236,
        "relative_density_std": 0.0,
        "diameter_mean": 4.0,
        "diameter_std": 0.0,
        "radius_mean": 3.0,
        "radius_std": 0.0,
        "dispersion_mean": 113.35612161914005,
        "dispersion_std": 0.0,
        "avg_path_length_mean": 2.529063804361834,
        "avg_path_length_std": 0.0
    },
    "random": {
        "component_mean": 1.0,
        "component_std": 0.0,
        "is_powerlaw_mean": 0.1,
        "is_powerlaw_std": 0.5880000000000001,
        "density_mean": 0.027385234780295302,
        "density_std": 1.514052133145051e-05,
        "secrecy_mean": 36.5160309041607,
        "secrecy_std": 0.020185457163676392,
        "nodes_mean": 2375.0,
        "nodes_std": 0.0,
        "edges_mean": 77202.4,
        "edges_std": 42.6830221985276,
        "avg_degree_mean": 65.01254736842105,
        "avg_degree_std": 0.0359435976408707,
        "clustering_coeff_mean": 0.01334811987908326,
        "clustering_coeff_std": 0.0002991507077003691,
        "relative_density_mean": 0.027385234780295302,
        "relative_density_std": 1.514052133145131e-05,
        "diameter_mean": 4.8,
        "diameter_std": 0.7839999999999999,
        "radius_mean": 3.0,
        "radius_std": 0.0,
        "dispersion_mean": 66.52912307868164,
        "dispersion_std": 0.05704303485740435,
        "avg_path_length_mean": 2.620387602536248,
        "avg_path_length_std": 0.000793756182054923
    },
    "small-world": {
        "component_mean": 1.0,
        "component_std": 0.0,
        "is_powerlaw_mean": 0.3,
        "is_powerlaw_std": 0.8981848362113445,
        "density_mean": 0.02705528461692212,
        "density_std": 0.0,
        "secrecy_mean": 36.96135576317447,
        "secrecy_std": 0.0,
        "nodes_mean": 2374.0,
        "nodes_std": 0.0,
        "edges_mean": 76208.0,
        "edges_std": 0.0,
        "avg_degree_mean": 64.2021903959562,
        "avg_degree_std": 0.0,
        "clustering_coeff_mean": 0.36753153579629316,
        "clustering_coeff_std": 0.0003431504117214578,
        "relative_density_mean": 0.02705528461692212,
        "relative_density_std": 0.0,
        "diameter_mean": 4.0,
        "diameter_std": 0.0,
        "radius_mean": 3.9,
        "radius_std": 0.588,
        "dispersion_mean": 65.39406886416123,
        "dispersion_std": 0.02657213575377307,
        "avg_path_length_mean": 2.8485202987413514,
        "avg_path_length_std": 0.0013729664509154233
    }
}
